Brew & Beans Cafe|Bandra West|Mumbai Suburban|Mumbai|Maharashtra|2025-07-28 12:33:37|2025-07-28 12:33:37
The Coffee Corner|Powai|Mumbai Suburban|Mumbai|Maharashtra|2025-07-28 12:33:37|2025-07-28 12:33:37
Café Mocha|Juhu|Mumbai Suburban|Mumbai|Maharashtra|2025-07-28 12:33:37|2025-07-28 12:33:37
Capital Beans|Connaught Place|New Delhi|New Delhi|Delhi|2025-07-28 12:33:37|2025-07-28 12:33:37
Metro Café|Karol Bagh|Central Delhi|New Delhi|Delhi|2025-07-28 12:33:37|2025-07-28 12:33:37
Silicon Valley Café|Koramangala|Bangalore Urban|Bangalore|Karnataka|2025-07-28 12:33:37|2025-07-28 12:33:37
Garden City Brews|Indiranagar|Bangalore Urban|Bangalore|Karnataka|2025-07-28 12:33:37|2025-07-28 12:33:37
Tech Park Café|Electronic City|Bangalore Urban|Bangalore|Karnataka|2025-07-28 12:33:37|2025-07-28 12:33:37
Marina Beach Café|Mylapore|Chennai|Chennai|Tamil Nadu|2025-07-28 12:33:37|2025-07-28 12:33:37
South Indian Coffee House|T. Nagar|Chennai|Chennai|Tamil Nadu|2025-07-28 12:33:37|2025-07-28 12:33:37
Biryani & Beans|Banjara Hills|Hyderabad|Hyderabad|Telangana|2025-07-28 12:33:37|2025-07-28 12:33:37
Charminar Café|Jubilee Hills|Hyderabad|Hyderabad|Telangana|2025-07-28 12:33:37|2025-07-28 12:33:37
Oxford Street Café|Koregaon Park|Pune|Pune|Maharashtra|2025-07-28 12:33:37|2025-07-28 12:33:37
Campus Coffee|Shivaji Nagar|Pune|Pune|Maharashtra|2025-07-28 12:33:37|2025-07-28 12:33:37
Heritage Coffee House|Park Street|Kolkata|Kolkata|West Bengal|2025-07-28 12:33:37|2025-07-28 12:33:37
Howrah Bridge Café|Salt Lake|Kolkata|Kolkata|West Bengal|2025-07-28 12:33:37|2025-07-28 12:33:37
Gujarat Grind|Navrangpura|Ahmedabad|Ahmedabad|Gujarat|2025-07-28 12:33:37|2025-07-28 12:33:37
Pink City Café|C-Scheme|Jaipur|Jaipur|Rajasthan|2025-07-28 12:33:37|2025-07-28 12:33:37
Spice Coast Café|Fort Kochi|Ernakulam|Kochi|Kerala|2025-07-28 12:33:37|2025-07-28 12:33:37
Beach Shack Café|Calangute|North Goa|Panaji|Goa|2025-07-28 12:33:37|2025-07-28 12:33:37
Coastal Coffee Co|Marine Drive|Mumbai Suburban|Mumbai|Maharashtra|2025-07-28 13:55:03|2025-07-28 13:55:03
Bollywood Beans|Film City|Mumbai Suburban|Mumbai|Maharashtra|2025-07-28 13:55:03|2025-07-28 13:55:03
Gateway Grind|Colaba|Mumbai City|Mumbai|Maharashtra|2025-07-28 13:55:03|2025-07-28 13:55:03
Lokhandwala Lounge|Andheri West|Mumbai Suburban|Mumbai|Maharashtra|2025-07-28 13:55:03|2025-07-28 13:55:03
Phoenix Café|Lower Parel|Mumbai City|Mumbai|Maharashtra|2025-07-28 13:55:03|2025-07-28 13:55:03
Versova Vibes|Versova|Mumbai Suburban|Mumbai|Maharashtra|2025-07-28 13:55:03|2025-07-28 13:55:03
Linking Road Lattes|Bandra West|Mumbai Suburban|Mumbai|Maharashtra|2025-07-28 13:55:03|2025-07-28 13:55:03
Hill Road Hangout|Bandra West|Mumbai Suburban|Mumbai|Maharashtra|2025-07-28 13:55:03|2025-07-28 13:55:03
Worli Sea Link Café|Worli|Mumbai City|Mumbai|Maharashtra|2025-07-28 13:55:03|2025-07-28 13:55:03
Kurla Coffee Corner|Kurla East|Mumbai Suburban|Mumbai|Maharashtra|2025-07-28 13:55:03|2025-07-28 13:55:03
Mulund Manor Café|Mulund West|Mumbai Suburban|Mumbai|Maharashtra|2025-07-28 13:55:03|2025-07-28 13:55:03
Thane Thunder Café|Thane West|Thane|Thane|Maharashtra|2025-07-28 13:55:03|2025-07-28 13:55:03
Navi Mumbai Nibbles|Vashi|Raigad|Navi Mumbai|Maharashtra|2025-07-28 13:55:03|2025-07-28 13:55:03
Kandivali Kafé|Kandivali East|Mumbai Suburban|Mumbai|Maharashtra|2025-07-28 13:55:03|2025-07-28 13:55:03
Malad Mocha|Malad West|Mumbai Suburban|Mumbai|Maharashtra|2025-07-28 13:55:03|2025-07-28 13:55:03
Red Fort Roastery|Chandni Chowk|Central Delhi|New Delhi|Delhi|2025-07-28 13:55:03|2025-07-28 13:55:03
India Gate Grind|Rajpath|New Delhi|New Delhi|Delhi|2025-07-28 13:55:03|2025-07-28 13:55:03
Lodhi Gardens Café|Lodhi Road|New Delhi|New Delhi|Delhi|2025-07-28 13:55:03|2025-07-28 13:55:03
Khan Market Coffee|Khan Market|New Delhi|New Delhi|Delhi|2025-07-28 13:55:03|2025-07-28 13:55:03
Hauz Khas Village|Hauz Khas|South Delhi|New Delhi|Delhi|2025-07-28 13:55:03|2025-07-28 13:55:03
Saket Select City Café|Saket|South Delhi|New Delhi|Delhi|2025-07-28 13:55:03|2025-07-28 13:55:03
Dwarka Delights|Dwarka Sector 21|South West Delhi|New Delhi|Delhi|2025-07-28 13:55:03|2025-07-28 13:55:03
Rohini Roasters|Rohini Sector 7|North West Delhi|New Delhi|Delhi|2025-07-28 13:55:03|2025-07-28 13:55:03
Vasant Kunj Vibes|Vasant Kunj|South West Delhi|New Delhi|Delhi|2025-07-28 13:55:03|2025-07-28 13:55:03
Lajpat Nagar Lattes|Lajpat Nagar|South Delhi|New Delhi|Delhi|2025-07-28 13:55:03|2025-07-28 13:55:03
Rajouri Garden Café|Rajouri Garden|West Delhi|New Delhi|Delhi|2025-07-28 13:55:03|2025-07-28 13:55:03
Gurgaon Gateway|Cyber City|Gurgaon|Gurgaon|Haryana|2025-07-28 13:55:03|2025-07-28 13:55:03
Noida Nexus Café|Sector 18|Gautam Buddh Nagar|Noida|Uttar Pradesh|2025-07-28 13:55:03|2025-07-28 13:55:03
Faridabad Flash|Sector 21|Faridabad|Faridabad|Haryana|2025-07-28 13:55:03|2025-07-28 13:55:03
Greater Noida Grind|Alpha 1|Gautam Buddh Nagar|Greater Noida|Uttar Pradesh|2025-07-28 13:55:03|2025-07-28 13:55:03
Whitefield Wings|Whitefield|Bangalore Urban|Bangalore|Karnataka|2025-07-28 13:55:03|2025-07-28 13:55:03
Brigade Road Brews|Brigade Road|Bangalore Urban|Bangalore|Karnataka|2025-07-28 13:55:03|2025-07-28 13:55:03
Commercial Street Coffee|Shivaji Nagar|Bangalore Urban|Bangalore|Karnataka|2025-07-28 13:55:03|2025-07-28 13:55:03
HSR Layout Hangout|HSR Layout|Bangalore Urban|Bangalore|Karnataka|2025-07-28 13:55:03|2025-07-28 13:55:03
BTM Layout Beans|BTM Layout|Bangalore Urban|Bangalore|Karnataka|2025-07-28 13:55:03|2025-07-28 13:55:03
Jayanagar Java|Jayanagar|Bangalore Urban|Bangalore|Karnataka|2025-07-28 13:55:04|2025-07-28 13:55:04
Malleshwaram Mocha|Malleshwaram|Bangalore Urban|Bangalore|Karnataka|2025-07-28 13:55:04|2025-07-28 13:55:04
Basavanagudi Barista|Basavanagudi|Bangalore Urban|Bangalore|Karnataka|2025-07-28 13:55:04|2025-07-28 13:55:04
Rajajinagar Roast|Rajajinagar|Bangalore Urban|Bangalore|Karnataka|2025-07-28 13:55:04|2025-07-28 13:55:04
Vijayanagar Vibes|Vijayanagar|Bangalore Urban|Bangalore|Karnataka|2025-07-28 13:55:04|2025-07-28 13:55:04
Marathahalli Mug|Marathahalli|Bangalore Urban|Bangalore|Karnataka|2025-07-28 13:55:04|2025-07-28 13:55:04
Sarjapur Sips|Sarjapur Road|Bangalore Urban|Bangalore|Karnataka|2025-07-28 13:55:04|2025-07-28 13:55:04
Hebbal Heights|Hebbal|Bangalore Urban|Bangalore|Karnataka|2025-07-28 13:55:04|2025-07-28 13:55:04
Yelahanka Yard|Yelahanka|Bangalore Urban|Bangalore|Karnataka|2025-07-28 13:55:04|2025-07-28 13:55:04
Banashankari Bliss|Banashankari|Bangalore Urban|Bangalore|Karnataka|2025-07-28 13:55:04|2025-07-28 13:55:04
Express Avenue Espresso|Royapettah|Chennai|Chennai|Tamil Nadu|2025-07-28 13:55:04|2025-07-28 13:55:04
Phoenix MarketCity Café|Velachery|Chennai|Chennai|Tamil Nadu|2025-07-28 13:55:04|2025-07-28 13:55:04
Adyar Ananda Java|Adyar|Chennai|Chennai|Tamil Nadu|2025-07-28 13:55:04|2025-07-28 13:55:04
Besant Nagar Beach Café|Besant Nagar|Chennai|Chennai|Tamil Nadu|2025-07-28 13:55:04|2025-07-28 13:55:04
Anna Nagar Aroma|Anna Nagar|Chennai|Chennai|Tamil Nadu|2025-07-28 13:55:04|2025-07-28 13:55:04
Nungambakkam Nibbles|Nungambakkam|Chennai|Chennai|Tamil Nadu|2025-07-28 13:55:04|2025-07-28 13:55:04
Alwarpet Americano|Alwarpet|Chennai|Chennai|Tamil Nadu|2025-07-28 13:55:04|2025-07-28 13:55:04
Egmore Express|Egmore|Chennai|Chennai|Tamil Nadu|2025-07-28 13:55:04|2025-07-28 13:55:04
Kodambakkam Coffee|Kodambakkam|Chennai|Chennai|Tamil Nadu|2025-07-28 13:55:04|2025-07-28 13:55:04
Porur Paradise|Porur|Chennai|Chennai|Tamil Nadu|2025-07-28 13:55:04|2025-07-28 13:55:04
HITEC City Hub|Madhapur|Hyderabad|Hyderabad|Telangana|2025-07-28 13:55:04|2025-07-28 13:55:04
Gachibowli Grind|Gachibowli|Hyderabad|Hyderabad|Telangana|2025-07-28 13:55:04|2025-07-28 13:55:04
Kondapur Kafé|Kondapur|Hyderabad|Hyderabad|Telangana|2025-07-28 13:55:04|2025-07-28 13:55:04
Kukatpally Corner|Kukatpally|Hyderabad|Hyderabad|Telangana|2025-07-28 13:55:04|2025-07-28 13:55:04
Secunderabad Sips|Secunderabad|Hyderabad|Hyderabad|Telangana|2025-07-28 13:55:04|2025-07-28 13:55:04
Ameerpet Aroma|Ameerpet|Hyderabad|Hyderabad|Telangana|2025-07-28 13:55:04|2025-07-28 13:55:04
LB Nagar Lattes|LB Nagar|Hyderabad|Hyderabad|Telangana|2025-07-28 13:55:04|2025-07-28 13:55:04
Miyapur Mocha|Miyapur|Hyderabad|Hyderabad|Telangana|2025-07-28 13:55:04|2025-07-28 13:55:04
Dilsukhnagar Delights|Dilsukhnagar|Hyderabad|Hyderabad|Telangana|2025-07-28 13:55:04|2025-07-28 13:55:04
Begumpet Beans|Begumpet|Hyderabad|Hyderabad|Telangana|2025-07-28 13:55:04|2025-07-28 13:55:04
Hinjewadi Heights|Hinjewadi|Pune|Pune|Maharashtra|2025-07-28 13:55:04|2025-07-28 13:55:04
Aundh Aroma|Aundh|Pune|Pune|Maharashtra|2025-07-28 13:55:04|2025-07-28 13:55:04
Baner Boulevard|Baner|Pune|Pune|Maharashtra|2025-07-28 13:55:04|2025-07-28 13:55:04
Kalyani Nagar Kafé|Kalyani Nagar|Pune|Pune|Maharashtra|2025-07-28 13:55:04|2025-07-28 13:55:04
Viman Nagar Vibes|Viman Nagar|Pune|Pune|Maharashtra|2025-07-28 13:55:04|2025-07-28 13:55:04
Kothrud Corner|Kothrud|Pune|Pune|Maharashtra|2025-07-28 13:55:04|2025-07-28 13:55:04
Warje Wings|Warje|Pune|Pune|Maharashtra|2025-07-28 13:55:04|2025-07-28 13:55:04
Hadapsar Hangout|Hadapsar|Pune|Pune|Maharashtra|2025-07-28 13:55:04|2025-07-28 13:55:04
Magarpatta Mocha|Hadapsar|Pune|Pune|Maharashtra|2025-07-28 13:55:04|2025-07-28 13:55:04
Wakad Wonder|Wakad|Pune|Pune|Maharashtra|2025-07-28 13:55:04|2025-07-28 13:55:04
New Market Nibbles|New Market|Kolkata|Kolkata|West Bengal|2025-07-28 13:55:04|2025-07-28 13:55:04
College Street Coffee|College Street|Kolkata|Kolkata|West Bengal|2025-07-28 13:55:04|2025-07-28 13:55:04
Gariahat Grind|Gariahat|Kolkata|Kolkata|West Bengal|2025-07-28 13:55:04|2025-07-28 13:55:04
Ballygunge Beans|Ballygunge|Kolkata|Kolkata|West Bengal|2025-07-28 13:55:04|2025-07-28 13:55:04
Tollygunge Treats|Tollygunge|Kolkata|Kolkata|West Bengal|2025-07-28 13:55:04|2025-07-28 13:55:04
Sector 17 Sips|Sector 17|Chandigarh|Chandigarh|Chandigarh|2025-07-28 13:55:04|2025-07-28 13:55:04
Phase 10 Paradise|Phase 10|Mohali|Mohali|Punjab|2025-07-28 13:55:04|2025-07-28 13:55:04
Zirakpur Zone|Zirakpur|Mohali|Zirakpur|Punjab|2025-07-28 13:55:04|2025-07-28 13:55:04
Model Town Mocha|Model Town|Ludhiana|Ludhiana|Punjab|2025-07-28 13:55:04|2025-07-28 13:55:04
Civil Lines Coffee|Civil Lines|Ludhiana|Ludhiana|Punjab|2025-07-28 13:55:04|2025-07-28 13:55:04
Gomti Nagar Grind|Gomti Nagar|Lucknow|Lucknow|Uttar Pradesh|2025-07-28 13:55:04|2025-07-28 13:55:04
Hazratganj Hangout|Hazratganj|Lucknow|Lucknow|Uttar Pradesh|2025-07-28 13:55:04|2025-07-28 13:55:04
Alambagh Aroma|Alambagh|Lucknow|Lucknow|Uttar Pradesh|2025-07-28 13:55:04|2025-07-28 13:55:04
Civil Lines Café|Civil Lines|Kanpur Nagar|Kanpur|Uttar Pradesh|2025-07-28 13:55:04|2025-07-28 13:55:04
Mall Road Mocha|Mall Road|Kanpur Nagar|Kanpur|Uttar Pradesh|2025-07-28 13:55:04|2025-07-28 13:55:04
MG Road Magic|MG Road|Indore|Indore|Madhya Pradesh|2025-07-28 13:55:04|2025-07-28 13:55:04
Vijay Nagar Vibes|Vijay Nagar|Indore|Indore|Madhya Pradesh|2025-07-28 13:55:04|2025-07-28 13:55:04
Sadar Bazaar Sips|Sadar Bazaar|Nagpur|Nagpur|Maharashtra|2025-07-28 13:55:04|2025-07-28 13:55:04
Dharampeth Delights|Dharampeth|Nagpur|Nagpur|Maharashtra|2025-07-28 13:55:04|2025-07-28 13:55:04
Station Road Roast|Station Road|Bhopal|Bhopal|Madhya Pradesh|2025-07-28 13:55:04|2025-07-28 13:55:04
New Market Nibbles|New Market|Bhopal|Bhopal|Madhya Pradesh|2025-07-28 13:55:04|2025-07-28 13:55:04
Lalbagh Lattes|Lalbagh|Patna|Patna|Bihar|2025-07-28 13:55:04|2025-07-28 13:55:04
Boring Road Beans|Boring Road|Patna|Patna|Bihar|2025-07-28 13:55:04|2025-07-28 13:55:04
Park Street Paradise|Park Street|Bhubaneswar|Bhubaneswar|Odisha|2025-07-28 13:55:04|2025-07-28 13:55:04
Master Canteen Mocha|Master Canteen|Bhubaneswar|Bhubaneswar|Odisha|2025-07-28 13:55:04|2025-07-28 13:55:04
Brew Beans Cafe|Bandra West|Mumbai Suburban|Mumbai|Maharashtra|2025-07-29 05:33:50|2025-07-29 05:33:50
Coffee Culture|Koramangala|Bangalore Urban|Bangalore|Karnataka|2025-07-29 05:33:50|2025-07-29 05:33:50
Chennai Chai House|T. Nagar|Chennai|Chennai|Tamil Nadu|2025-07-29 05:33:50|2025-07-29 05:33:50
Delhi Delight Cafe|Connaught Place|New Delhi|Delhi|Delhi|2025-07-29 05:33:50|2025-07-29 05:33:50
Pune Perks|Koregaon Park|Pune|Pune|Maharashtra|2025-07-29 05:33:50|2025-07-29 05:33:50
Kolkata Coffee Corner|Park Street|Kolkata|Kolkata|West Bengal|2025-07-29 05:33:50|2025-07-29 05:33:50
Ahmedabad Aroma|Satellite|Ahmedabad|Ahmedabad|Gujarat|2025-07-29 05:33:50|2025-07-29 05:33:50
